INSERT INTO department (did, dname, building, budget) VALUES
(1, 'Computer Science', 'A', 100000.00),
(2, 'Mathematics', 'B', 80000.00),
(3, 'History', 'A', 50000.00),
(4, 'Physics', 'C', 120000.00),
(5, 'Business', 'A', 150000.00),
(6, 'Mathematics', 'C', 190000.00),
(7, 'Electronics', 'B', 120000.00),
(8, 'Arts', 'D', 180000.00),
(9, 'History', 'A', 128000.00),
(10, 'Commerce', 'A', 17000.00);

INSERT INTO faculty (fid, fname, did, salary) VALUES
(1, 'Dr Sailesh', 1, 100.00),
(2, 'Dr Mukesh', 2, 150.00),
(3, 'Dr Mohan', 5, 200.00),
(4, 'Dr Sailesh', 8, 700.00),
(5, 'Dr Anupam', 1, 100000.00),
(6, 'Dr Sanjay', 6, 100000.00),
(7, 'Dr Dhananjay', 3, 12000.00),
(8, 'Dr Sunidhi', 4, 19990.00),
(9, 'Dr Priyanka', 7, 1600.00),
(10, 'Dr Anoushka', 10, 10002.00);

INSERT INTO student (sid, sname, age, did) VALUES
(1, 'John Doe', 22, 1),
(2, 'Jane Smith', 20, 2),
(3, 'Mike Johnson', 21, 3),
(4, 'Emily White', 23, 4),
(5, 'Alex Brown', 22, 5),
(6, 'Rachel Green', 20, 6),
(7, 'Chris Evans', 21, 7),
(8, 'Anna Taylor', 23, 8),
(9, 'David Lee', 22, 3),
(10, 'Sophia Kim', 20, 5),
(11, 'Matthew Davis', 21, 6),
(12, 'Olivia Miller', 23, 2),
(13, 'Daniel Wilson', 22, 7),
(14, 'Emma Carter', 20, 1),
(15, 'Ethan Clark', 21, 8),
(16, 'Isabella Lewis', 23, 4),
(17, 'Michael Hall', 22, 3),
(18, 'Ava Allen', 20, 5),
(19, 'Andrew Adams', 21, 6),
(20, 'Grace Moore', 23, 2);

INSERT INTO course (cid, cname, credit, did) VALUES
(1, 'CS101', 3, 1),
(2, 'MA203', 4, 2),
(3, 'HI105', 3, 3),
(4, 'PH201', 4, 4),
(5, 'BU301', 3, 5),
(6, 'MA302', 4, 6),
(7, 'EL401', 3, 7),
(8, 'AR205', 4, 8),
(9, 'HI301', 3, 9),
(10, 'CO101', 4, 10);

INSERT INTO teaches (fid, cid) VALUES
(1, 1),
(10, 1),
(2, 2),
(9, 2),
(3, 3),
(9, 3),
(4, 4),
(8, 4),
(5, 5),
(7, 5),
(3, 6),
(6, 6),
(3, 7),
(7, 7),
(4, 8),
(8, 8),
(1, 9),
(9, 9),
(1, 10),
(10, 2);

INSERT INTO takes (sid, cid) VALUES
(1, 1),
(11, 1),
(1, 2),
(2, 2),
(12, 2),
(2, 3),
(3, 3),
(13, 3),
(3, 4),
(4, 4),
(14, 4),
(4, 5),
(5, 5),
(15, 5),
(5, 6),
(6, 6),
(16, 6),
(7, 7),
(17, 7),
(8, 8),
(18, 8),
(9, 9),
(19, 9),
(10, 10),
(20, 10);

INSERT INTO advisor (sid, fid, title) VALUES
(1, 1, 'Project 1'),
(2, 2, 'Project 2'),
(3, 3, 'Project 3'),
(4, 4, 'Project 4'),
(5, 5, 'Project 5'),
(6, 6, 'Project 6'),
(7, 7, 'Project 7'),
(8, 8, 'Project 8'),
(9, 9, 'Project 9'),
(10, 10, 'Project 10'),
(11, 1, 'Project 11'),
(12, 2, 'Project 12'),
(13, 3, 'Project 13'),
(14, 4, 'Project 14'),
(15, 5, 'Project 15'),
(16, 6, 'Project 16'),
(17, 7, 'Project 17'),
(18, 8, 'Project 18'),
(19, 9, 'Project 19'),
(20, 10, 'Project 20');

